,DT,Algorithm,p-value
1,DT,KNN,0.41742669517511566
2,DT,RF,0.5371918443468522
3,DT,SVC,0.3184778064015028
