,RF,Algorithm,p-value
1,RF,DT,0.5371918443468522
2,RF,KNN,0.12471208178442546
3,RF,SVC,0.7869310703907324
