,KNN,Algorithm,p-value
1,KNN,DT,0.41742669517511566
2,KNN,RF,0.12471208178442546
3,KNN,SVC,0.03419107630748254
