,SVC,Algorithm,p-value
1,SVC,DT,0.3184778064015028
2,SVC,KNN,0.03419107630748254
3,SVC,RF,0.7869310703907324
