algorithm,train_time,pred_time
KNN,0.0126487500000317,6.195568774999985
GNB,0.0417155750000125,0.1785888749999823
HAT,0.1646507500000005,0.0729194000000229
ARF,3.1314060500000234,0.6406988499999722
