Algorithm,Train time [s],Prediction time [s]
KNN,0.022658775000104076,10.951087725000036
GNB,0.07865019999995577,0.3496845499999807
HAT,0.3036358500000418,0.13575360000003162
ARF,5.4496296000000655,1.140844850000042
