Algorithm,Train time [s],Prediction time [s]
NC,0.001827014701953792,0.0005082970080168098
GNB,0.004251918930938236,0.0008957928505496408
KNN,0.006442012303117351,0.06883760189664533
DT,0.019634768237238302,0.00027843316396076003
RF,0.03581020313760504,0.0033861091171485387
AB,0.39331123137819596,0.016065677352573512
XGB,0.40823338722837144,0.0032085169916567188
SVC,1.118752804700879,0.36964746454487674
MLP,3.268559454143911,0.0007052442301874349
