,algorithm,auc,auc +/-,accuracy,accuracy +/-,precision,precision +/-,recall,recall +/-,f1,f1 +/-
1,DT,0.8871680607033868,0.09740157269642112,0.8970791864998832,0.08498376891472914,0.9003631784820735,0.08492449163391057,0.8970791864998832,0.08498376891472914,0.8951438796208462,0.08725370591613787
2,RF,0.8860152546728634,0.1339000160938223,0.9002284402013109,0.10564321201388023,0.9010786279472862,0.1101541996414104,0.9002284402013109,0.10564321201388023,0.8957344673757218,0.11307535861418895
3,SVC,0.8855891654641654,0.12018501422409172,0.904768084455819,0.09551103223715453,0.9083503801471379,0.09572627050201599,0.904768084455819,0.09551103223715453,0.9000888997367429,0.10193042738560941
4,KNN,0.8829957695283783,0.12993506767316026,0.8936322440842192,0.11367687267235001,0.8951657209628625,0.1152964495866766,0.8936322440842192,0.11367687267235001,0.8924269159978229,0.11528256144875997
