,KNN,Algorithm,p-value
1,KNN,DT,0.7869067596919121
2,KNN,RF,0.2108099931591646
3,KNN,SVC,0.04752385492234395
