,RF,Algorithm,p-value
1,RF,DT,0.6004818812330763
2,RF,KNN,0.2108099931591646
3,RF,SVC,0.5804452123133761
