,DT,Algorithm,p-value
1,DT,KNN,0.7869067596919121
2,DT,RF,0.6004818812330763
3,DT,SVC,0.2691831358282768
