,SVC,Algorithm,p-value
1,SVC,DT,0.2691831358282768
2,SVC,KNN,0.04752385492234395
3,SVC,RF,0.5804452123133761
