,MLP,Algorithm,p-value
1,MLP,AB,4.2426327826272843e-16
2,MLP,DT,1.4372416490239484e-11
3,MLP,GNB,9.306845046209842e-16
4,MLP,KNN,0.001179077717644341
5,MLP,NC,8.516607484921982e-45
6,MLP,RF,3.6918527590491668e-09
7,MLP,SVC,4.703255665534128e-08
8,MLP,XGB,1.1850335434370748e-14
