,DT,Algorithm,p-value
1,DT,AB,4.233762914706835e-09
2,DT,GNB,0.36240269956568305
3,DT,KNN,0.02673402778415656
4,DT,MLP,1.4372416490239484e-11
5,DT,NC,9.993827293396823e-20
6,DT,RF,0.001019673376673585
7,DT,SVC,0.7533049373726503
8,DT,XGB,2.093521311808698e-53
