,RF,Algorithm,p-value
1,RF,AB,3.414212782537056e-10
2,RF,DT,0.001019673376673585
3,RF,GNB,2.6032266939887096e-05
4,RF,KNN,0.015019106985741756
5,RF,MLP,3.6918527590491668e-09
6,RF,NC,5.7132176639163686e-33
7,RF,SVC,0.28946304635585096
8,RF,XGB,7.882261108171266e-46
