,SVC,Algorithm,p-value
1,SVC,AB,0.0073582866914758994
2,SVC,DT,0.7533049373726503
3,SVC,GNB,0.3343683702051473
4,SVC,KNN,0.0002064856603983112
5,SVC,MLP,4.703255665534128e-08
6,SVC,NC,1.7570756957848638e-21
7,SVC,RF,0.28946304635585096
8,SVC,XGB,8.114828338723037e-34
