,KNN,Algorithm,p-value
1,KNN,AB,9.024151523536852e-06
2,KNN,DT,0.02673402778415656
3,KNN,GNB,1.3166744847926703e-05
4,KNN,MLP,0.001179077717644341
5,KNN,NC,1.734427941102878e-36
6,KNN,RF,0.015019106985741756
7,KNN,SVC,0.0002064856603983112
8,KNN,XGB,5.750798794845052e-26
