,GNB,Algorithm,p-value
1,GNB,AB,0.0012705224877735436
2,GNB,DT,0.36240269956568305
3,GNB,KNN,1.3166744847926703e-05
4,GNB,MLP,9.306845046209842e-16
5,GNB,NC,5.513763097839614e-31
6,GNB,RF,2.6032266939887096e-05
7,GNB,SVC,0.3343683702051473
8,GNB,XGB,1.6006654266861948e-45
