,XGB,Algorithm,p-value
1,XGB,AB,8.888224788535763e-42
2,XGB,DT,2.093521311808698e-53
3,XGB,GNB,1.6006654266861948e-45
4,XGB,KNN,5.750798794845052e-26
5,XGB,MLP,1.1850335434370748e-14
6,XGB,NC,3.3175706503062875e-66
7,XGB,RF,7.882261108171266e-46
8,XGB,SVC,8.114828338723037e-34
