,NC,Algorithm,p-value
1,NC,AB,0.004486209759983259
2,NC,DT,9.993827293396823e-20
3,NC,GNB,5.513763097839614e-31
4,NC,KNN,1.734427941102878e-36
5,NC,MLP,8.516607484921982e-45
6,NC,RF,5.7132176639163686e-33
7,NC,SVC,1.7570756957848638e-21
8,NC,XGB,3.3175706503062875e-66
