,AB,Algorithm,p-value
1,AB,DT,4.233762914706835e-09
2,AB,GNB,0.0012705224877735436
3,AB,KNN,9.024151523536852e-06
4,AB,MLP,4.2426327826272843e-16
5,AB,NC,0.004486209759983259
6,AB,RF,3.414212782537056e-10
7,AB,SVC,0.0073582866914758994
8,AB,XGB,8.888224788535763e-42
