,NC,Algorithm,p-value
1,NC,AB,5.872533718583476e-24
2,NC,DT,1.2536592197613214e-45
3,NC,GNB,4.1570592556594797e-23
4,NC,KNN,2.1234449168233941e-69
5,NC,MLP,3.5576040568961185e-82
6,NC,RF,1.0897790509619165e-75
7,NC,SVC,6.760203381553341e-85
8,NC,XGB,3.8672452498363055e-90
