,RF,Algorithm,p-value
1,RF,AB,3.853423746801859e-14
2,RF,DT,1.7038931148855992e-09
3,RF,GNB,1.624071265402483e-37
4,RF,KNN,0.6882269788042743
5,RF,MLP,5.078085529426096e-09
6,RF,NC,1.1041431205314926e-74
7,RF,SVC,0.18848458600747398
8,RF,XGB,3.871041874605509e-37
