,XGB,Algorithm,p-value
1,XGB,AB,1.5613019920421083e-39
2,XGB,DT,3.1995302956250527e-60
3,XGB,GNB,1.2872118696648379e-72
4,XGB,KNN,7.792417846817283e-29
5,XGB,MLP,3.178521072279069e-12
6,XGB,NC,3.8672452498363055e-90
7,XGB,RF,3.871041874605509e-37
8,XGB,SVC,2.998567888155522e-20
