,AB,Algorithm,p-value
1,AB,DT,3.730151419895054e-06
2,AB,GNB,4.994819145140616e-05
3,AB,KNN,0.0002248013465833974
4,AB,MLP,3.415120378846075e-19
5,AB,NC,8.275051933960539e-24
6,AB,RF,3.853423746801859e-14
7,AB,SVC,8.96982430963412e-09
8,AB,XGB,1.5613019920421083e-39
