,DT,Algorithm,p-value
1,DT,AB,3.730151419895054e-06
2,DT,GNB,2.1296371258362555e-12
3,DT,KNN,0.029814171912255317
4,DT,MLP,1.8090621145269918e-18
5,DT,NC,4.437565970085023e-46
6,DT,RF,1.7038931148855992e-09
7,DT,SVC,2.487065488955576e-06
8,DT,XGB,3.1995302956250527e-60
