,KNN,Algorithm,p-value
1,KNN,AB,0.0002248013465833974
2,KNN,DT,0.029814171912255317
3,KNN,GNB,6.441340850492231e-23
4,KNN,MLP,1.6117842660637334e-09
5,KNN,NC,2.1234449168233941e-69
6,KNN,RF,0.6882269788042743
7,KNN,SVC,0.08212844605740403
8,KNN,XGB,7.792417846817283e-29
