,NC,Algorithm,p-value
1,NC,AB,8.275051933960539e-24
2,NC,DT,4.437565970085023e-46
3,NC,GNB,4.1570592556594797e-23
4,NC,KNN,2.1234449168233941e-69
5,NC,MLP,2.3456476755556227e-84
6,NC,RF,1.1041431205314926e-74
7,NC,SVC,6.760203381553341e-85
8,NC,XGB,3.8672452498363055e-90
