,GNB,Algorithm,p-value
1,GNB,AB,4.994819145140616e-05
2,GNB,DT,2.1296371258362555e-12
3,GNB,KNN,6.441340850492231e-23
4,GNB,MLP,1.0218097455014946e-45
5,GNB,NC,4.1570592556594797e-23
6,GNB,RF,1.624071265402483e-37
7,GNB,SVC,2.5947886888519795e-27
8,GNB,XGB,1.2872118696648379e-72
