,SVC,Algorithm,p-value
1,SVC,AB,8.96982430963412e-09
2,SVC,DT,2.487065488955576e-06
3,SVC,GNB,2.5947886888519795e-27
4,SVC,KNN,0.08212844605740403
5,SVC,MLP,5.271060315343285e-05
6,SVC,NC,6.760203381553341e-85
7,SVC,RF,0.18848458600747398
8,SVC,XGB,2.998567888155522e-20
