,MLP,Algorithm,p-value
1,MLP,AB,3.415120378846075e-19
2,MLP,DT,1.8090621145269918e-18
3,MLP,GNB,1.0218097455014946e-45
4,MLP,KNN,1.6117842660637334e-09
5,MLP,NC,2.3456476755556227e-84
6,MLP,RF,5.078085529426096e-09
7,MLP,SVC,5.271060315343285e-05
8,MLP,XGB,3.178521072279069e-12
