,Algorithm,accuracy p-value,auc p-value
1,DT,0.2691831358282768,0.9093452092800974
2,KNN,0.04752385492234395,0.6652129882475901
3,RF,0.5804452123133761,0.8541261722167517
