,Algorithm,AUC p-value,Accuracy p-value,Precision p-value,Recall p-value,F1 p-value
1,DT,0.5999262845940143,0.485911986625684,0.3184778064015028,0.485911986625684,0.8290085803026446
2,KNN,0.6652129882475901,0.04752385492234395,0.03419107630748254,0.04752385492234395,0.13284867469946796
3,RF,0.9396656905888071,0.9190545801715363,0.7869310703907324,0.9190545801715363,0.9224823995510838
