,Algorithm,accuracy p-value,auc p-value
1,DT,0.6004818812330763,0.805902096306949
2,KNN,0.2108099931591646,0.7185472871550798
3,SVC,0.5804452123133761,0.8541261722167517
