,Algorithm,accuracy p-value,auc p-value
1,DT,0.7869067596919121,0.853131115510025
2,RF,0.2108099931591646,0.7185472871550798
3,SVC,0.04752385492234395,0.6652129882475901
