,Algorithm,AUC p-value,Accuracy p-value,Precision p-value,Recall p-value,F1 p-value
1,DT,0.6113306715797844,0.5010918529284537,0.41742669517511566,0.5010918529284537,0.4957761124771183
2,RF,0.48213222596127636,0.11825684784725397,0.12471208178442546,0.11825684784725397,0.34137667096308866
3,SVC,0.6652129882475901,0.04752385492234395,0.03419107630748254,0.04752385492234395,0.13284867469946796
