,Algorithm,AUC p-value,Accuracy p-value,Precision p-value,Recall p-value,F1 p-value
1,KNN,0.6113306715797844,0.5010918529284537,0.41742669517511566,0.5010918529284537,0.4957761124771183
2,RF,0.7934826720088606,0.4742806538909047,0.5371918443468522,0.4742806538909047,0.6671406373836013
3,SVC,0.5999262845940143,0.485911986625684,0.3184778064015028,0.485911986625684,0.8290085803026446
