,Algorithm,AUC p-value,Accuracy p-value,Precision p-value,Recall p-value,F1 p-value
1,DT,0.7934826720088606,0.4742806538909047,0.5371918443468522,0.4742806538909047,0.6671406373836013
2,KNN,0.48213222596127636,0.11825684784725397,0.12471208178442546,0.11825684784725397,0.34137667096308866
3,SVC,0.9396656905888071,0.9190545801715363,0.7869310703907324,0.9190545801715363,0.9224823995510838
