,Algorithm,accuracy p-value,auc p-value
1,KNN,0.7869067596919121,0.853131115510025
2,RF,0.6004818812330763,0.805902096306949
3,SVC,0.2691831358282768,0.9093452092800974
