,KNN,Algorithm,p-value
1,KNN,DT,0.5010918529284537
2,KNN,RF,0.11825684784725397
3,KNN,SVC,0.04752385492234395
