,RF,Algorithm,p-value
1,RF,DT,0.4742806538909047
2,RF,KNN,0.11825684784725397
3,RF,SVC,0.9190545801715363
