,SVC,Algorithm,p-value
1,SVC,DT,0.485911986625684
2,SVC,KNN,0.04752385492234395
3,SVC,RF,0.9190545801715363
