,DT,Algorithm,p-value
1,DT,KNN,0.5010918529284537
2,DT,RF,0.4742806538909047
3,DT,SVC,0.485911986625684
