,HAT,Algorithm,p-value
1,HAT,ARF,0.625
2,HAT,GNB,0.5929800980174267
3,HAT,KNN,0.5929800980174267
