,RF,Algorithm,p-value
1,RF,DT,0.6671406373836013
2,RF,KNN,0.34137667096308866
3,RF,SVC,0.9224823995510838
