,SVC,Algorithm,p-value
1,SVC,DT,0.8290085803026446
2,SVC,KNN,0.13284867469946796
3,SVC,RF,0.9224823995510838
