,DT,Algorithm,p-value
1,DT,KNN,0.4957761124771183
2,DT,RF,0.6671406373836013
3,DT,SVC,0.8290085803026446
