,KNN,Algorithm,p-value
1,KNN,DT,0.4957761124771183
2,KNN,RF,0.34137667096308866
3,KNN,SVC,0.13284867469946796
