,RF,Algorithm,p-value
1,RF,DT,0.805902096306949
2,RF,KNN,0.7185472871550798
3,RF,SVC,0.8541261722167517
