,SVC,Algorithm,p-value
1,SVC,DT,0.5999262845940143
2,SVC,KNN,0.6652129882475901
3,SVC,RF,0.9396656905888071
