,DT,Algorithm,p-value
1,DT,KNN,0.6113306715797844
2,DT,RF,0.7934826720088606
3,DT,SVC,0.5999262845940143
