,RF,Algorithm,p-value
1,RF,DT,0.7934826720088606
2,RF,KNN,0.48213222596127636
3,RF,SVC,0.9396656905888071
