,KNN,Algorithm,p-value
1,KNN,DT,0.6113306715797844
2,KNN,RF,0.48213222596127636
3,KNN,SVC,0.6652129882475901
