,KNN,Algorithm,p-value
1,KNN,DT,0.853131115510025
2,KNN,RF,0.7185472871550798
3,KNN,SVC,0.6652129882475901
