,SVC,Algorithm,p-value
1,SVC,DT,0.9093452092800974
2,SVC,KNN,0.6652129882475901
3,SVC,RF,0.8541261722167517
