,DT,Algorithm,p-value
1,DT,KNN,0.853131115510025
2,DT,RF,0.805902096306949
3,DT,SVC,0.9093452092800974
