,GNB,Algorithm,p-value
1,GNB,AB,0.696556517665722
2,GNB,DT,0.22513162919561092
3,GNB,KNN,0.0027006890884472235
4,GNB,MLP,3.398020616332433e-09
5,GNB,NC,1.3278456042695312e-24
6,GNB,RF,0.8556884430683204
7,GNB,SVC,0.23445110663404622
8,GNB,XGB,5.075262228296292e-41
