,KNN,Algorithm,p-value
1,KNN,AB,0.1219017516100122
2,KNN,DT,0.5924077270206085
3,KNN,GNB,0.0027006890884472235
4,KNN,MLP,0.0004412316388087151
5,KNN,NC,5.506396686130268e-32
6,KNN,RF,3.5661508044241895e-06
7,KNN,SVC,2.9993812211558757e-06
8,KNN,XGB,1.169910382438093e-31
