,RF,Algorithm,p-value
1,RF,AB,0.5739047318179967
2,RF,DT,0.13378395144501648
3,RF,GNB,0.8556884430683204
4,RF,KNN,3.5661508044241895e-06
5,RF,MLP,2.7498421849662412e-15
6,RF,NC,6.463799947530311e-18
7,RF,SVC,0.8225818204725996
8,RF,XGB,2.975168830735169e-56
