,KNN,Algorithm,p-value
1,KNN,AB,0.11487158967143372
2,KNN,DT,0.8249417123319507
3,KNN,GNB,0.0027006890884472235
4,KNN,MLP,0.0002723862780850351
5,KNN,NC,5.506396686130268e-32
6,KNN,RF,1.232614193632738e-05
7,KNN,SVC,2.9993812211558757e-06
8,KNN,XGB,1.169910382438093e-31
