,AB,Algorithm,p-value
1,AB,DT,0.0016242981568940983
2,AB,GNB,0.696556517665722
3,AB,KNN,0.1219017516100122
4,AB,MLP,1.0309783191484921e-07
5,AB,NC,9.223470700523733e-10
6,AB,RF,0.5739047318179967
7,AB,SVC,0.7221927397212897
8,AB,XGB,6.342567045642186e-33
