,SVC,Algorithm,p-value
1,SVC,AB,0.7399586103240942
2,SVC,DT,0.06981453028612071
3,SVC,GNB,0.23445110663404622
4,SVC,KNN,2.9993812211558757e-06
5,SVC,MLP,2.1629016085908152e-12
6,SVC,NC,2.924807858698278e-16
7,SVC,RF,0.660663325897366
8,SVC,XGB,2.8070052695848737e-40
