,XGB,Algorithm,p-value
1,XGB,AB,3.6209333675844576e-33
2,XGB,DT,1.1152608123426277e-52
3,XGB,GNB,5.075262228296292e-41
4,XGB,KNN,1.169910382438093e-31
5,XGB,MLP,7.270825845563556e-19
6,XGB,NC,1.0482705883312962e-61
7,XGB,RF,9.791221887706429e-54
8,XGB,SVC,2.8070052695848737e-40
