,NC,Algorithm,p-value
1,NC,AB,1.0429241209129521e-09
2,NC,DT,4.545874424818747e-23
3,NC,GNB,1.3278456042695312e-24
4,NC,KNN,5.506396686130268e-32
5,NC,MLP,2.570305137618072e-40
6,NC,RF,1.2489031086216543e-17
7,NC,SVC,2.924807858698278e-16
8,NC,XGB,1.0482705883312962e-61
