,SVC,Algorithm,p-value
1,SVC,AB,0.7221927397212897
2,SVC,DT,0.1176940149494117
3,SVC,GNB,0.23445110663404622
4,SVC,KNN,2.9993812211558757e-06
5,SVC,MLP,7.471015433629158e-13
6,SVC,NC,2.924807858698278e-16
7,SVC,RF,0.8225818204725996
8,SVC,XGB,2.8070052695848737e-40
