,DT,Algorithm,p-value
1,DT,AB,0.0016242981568940983
2,DT,GNB,0.22513162919561092
3,DT,KNN,0.5924077270206085
4,DT,MLP,7.494773549463995e-09
5,DT,NC,3.6670244990195676e-22
6,DT,RF,0.13378395144501648
7,DT,SVC,0.1176940149494117
8,DT,XGB,2.8992894591215553e-54
