,MLP,Algorithm,p-value
1,MLP,AB,1.0309783191484921e-07
2,MLP,DT,7.494773549463995e-09
3,MLP,GNB,3.398020616332433e-09
4,MLP,KNN,0.0004412316388087151
5,MLP,NC,2.5536176517983793e-38
6,MLP,RF,2.7498421849662412e-15
7,MLP,SVC,7.471015433629158e-13
8,MLP,XGB,1.23766250158154e-19
