,NC,Algorithm,p-value
1,NC,AB,9.223470700523733e-10
2,NC,DT,3.6670244990195676e-22
3,NC,GNB,1.3278456042695312e-24
4,NC,KNN,5.506396686130268e-32
5,NC,MLP,2.5536176517983793e-38
6,NC,RF,6.463799947530311e-18
7,NC,SVC,2.924807858698278e-16
8,NC,XGB,1.0482705883312962e-61
