,XGB,Algorithm,p-value
1,XGB,AB,6.342567045642186e-33
2,XGB,DT,2.8992894591215553e-54
3,XGB,GNB,5.075262228296292e-41
4,XGB,KNN,1.169910382438093e-31
5,XGB,MLP,1.23766250158154e-19
6,XGB,NC,1.0482705883312962e-61
7,XGB,RF,2.975168830735169e-56
8,XGB,SVC,2.8070052695848737e-40
