,MLP,Algorithm,p-value
1,MLP,AB,1.6777957126671427e-08
2,MLP,DT,2.8530276499078642e-08
3,MLP,GNB,1.7180513301251173e-10
4,MLP,KNN,0.0002723862780850351
5,MLP,NC,2.570305137618072e-40
6,MLP,RF,8.926046247095009e-15
7,MLP,SVC,2.1629016085908152e-12
8,MLP,XGB,7.270825845563556e-19
