Algorithm,Train time [s],Prediction time [s]
KNN,0.0011002302169799425,0.0029248178005218074
DT,0.0026246130466460677,7.50422477722125e-05
SVC,0.007175368070602373,0.0018010556697845102
RF,0.016600888967513987,0.0015259802341460725
