algorithm,train_time,pred_time
KNN,0.0007252454757690075,0.0024772822856902574
DT,0.002065885066986045,0.0001504182815551675
SVC,0.00544577240943904,0.0014653563499450275
RF,0.01262544393539424,0.0013189733028411373
