,Algorithm,accuracy p-value,auc p-value
1,DT,3.3684369239988657e-06,0.0008283341700210772
2,GNB,6.120927119638823e-05,0.7178050135025771
3,KNN,0.00023736719115241496,0.11487158967143372
4,MLP,5.339008020066768e-18,1.6777957126671427e-08
5,NC,5.872533718583476e-24,1.0429241209129521e-09
6,RF,1.0199248930039108e-13,0.6705204488990704
7,SVC,6.689418605219438e-09,0.7399586103240942
8,XGB,2.9031676141120832e-39,3.6209333675844576e-33
