,Algorithm,accuracy p-value,auc p-value
1,AB,6.120927119638823e-05,0.7178050135025771
2,DT,8.452787599628785e-13,0.11867261590826074
3,KNN,6.441340850492231e-23,0.0027006890884472235
4,MLP,1.749562921224011e-43,1.7180513301251173e-10
5,NC,4.1570592556594797e-23,1.3278456042695312e-24
6,RF,2.3022177574997862e-37,0.6750451801732376
7,SVC,2.5947886888519795e-27,0.23445110663404622
8,XGB,1.2872118696648379e-72,5.075262228296292e-41
