,Algorithm,accuracy p-value,auc p-value
1,AB,2.9031676141120832e-39,3.6209333675844576e-33
2,DT,3.6447854921862452e-59,1.1152608123426277e-52
3,GNB,1.2872118696648379e-72,5.075262228296292e-41
4,KNN,7.792417846817283e-29,1.169910382438093e-31
5,MLP,1.0620570921420005e-13,7.270825845563556e-19
6,NC,3.8672452498363055e-90,1.0482705883312962e-61
7,RF,9.19266028658571e-39,9.791221887706429e-54
8,SVC,2.998567888155522e-20,2.8070052695848737e-40
