,Algorithm,accuracy p-value,auc p-value
1,AB,3.3684369239988657e-06,0.0008283341700210772
2,GNB,8.452787599628785e-13,0.11867261590826074
3,KNN,0.04112484643467925,0.8249417123319507
4,MLP,2.92382080627564e-15,2.8530276499078642e-08
5,NC,1.2536592197613214e-45,4.545874424818747e-23
6,RF,3.3653905583730305e-08,0.08439658074255212
7,SVC,5.100926192296367e-06,0.06981453028612071
8,XGB,3.6447854921862452e-59,1.1152608123426277e-52
