,DT,Algorithm,p-value
1,DT,AB,2.0749296158316855e-08
2,DT,GNB,4.836483415575453e-10
3,DT,KNN,0.02251877562382913
4,DT,MLP,3.368828180619793e-13
5,DT,NC,2.5946837878505055e-37
6,DT,RF,0.0252225256096321
7,DT,SVC,0.4258757791696579
8,DT,XGB,2.704867631391714e-61
