,XGB,Algorithm,p-value
1,XGB,AB,3.4880526651381124e-43
2,XGB,DT,2.704867631391714e-61
3,XGB,GNB,3.32841184979017e-69
4,XGB,KNN,3.909392417218249e-28
5,XGB,MLP,2.7187259855427133e-16
6,XGB,NC,4.106685628351772e-87
7,XGB,RF,9.944676877397697e-51
8,XGB,SVC,7.309010888310728e-35
