,GNB,Algorithm,p-value
1,GNB,AB,0.0074540583033834516
2,GNB,DT,4.836483415575453e-10
3,GNB,KNN,1.9737377103839954e-21
4,GNB,MLP,3.488192452350982e-36
5,GNB,NC,2.573735745659012e-18
6,GNB,RF,1.4428982950186066e-23
7,GNB,SVC,7.144473075205783e-11
8,GNB,XGB,3.32841184979017e-69
