,KNN,Algorithm,p-value
1,KNN,AB,1.2422969602999517e-06
2,KNN,DT,0.02251877562382913
3,KNN,GNB,1.9737377103839954e-21
4,KNN,MLP,0.00015195567144181952
5,KNN,NC,1.2440671833010963e-62
6,KNN,RF,0.0007378250970202828
7,KNN,SVC,7.188998831427897e-05
8,KNN,XGB,3.909392417218249e-28
