,AB,Algorithm,p-value
1,AB,DT,2.0749296158316855e-08
2,AB,GNB,0.0074540583033834516
3,AB,KNN,1.2422969602999517e-06
4,AB,MLP,1.387215411550081e-17
5,AB,NC,4.876043859545348e-13
6,AB,RF,4.095719013803392e-09
7,AB,SVC,0.0021476466950033275
8,AB,XGB,3.4880526651381124e-43
