,NC,Algorithm,p-value
1,NC,AB,4.876043859545348e-13
2,NC,DT,2.5946837878505055e-37
3,NC,GNB,2.573735745659012e-18
4,NC,KNN,1.2440671833010963e-62
5,NC,MLP,1.175805197253306e-72
6,NC,RF,6.767077138079038e-58
7,NC,SVC,2.763452755597552e-56
8,NC,XGB,4.106685628351772e-87
