,SVC,Algorithm,p-value
1,SVC,AB,0.0021476466950033275
2,SVC,DT,0.4258757791696579
3,SVC,GNB,7.144473075205783e-11
4,SVC,KNN,7.188998831427897e-05
5,SVC,MLP,4.5322762220167295e-12
6,SVC,NC,2.763452755597552e-56
7,SVC,RF,0.7505323171761696
8,SVC,XGB,7.309010888310728e-35
