,RF,Algorithm,p-value
1,RF,AB,4.095719013803392e-09
2,RF,DT,0.0252225256096321
3,RF,GNB,1.4428982950186066e-23
4,RF,KNN,0.0007378250970202828
5,RF,MLP,1.6668081679855122e-12
6,RF,NC,6.767077138079038e-58
7,RF,SVC,0.7505323171761696
8,RF,XGB,9.944676877397697e-51
