,MLP,Algorithm,p-value
1,MLP,AB,1.387215411550081e-17
2,MLP,DT,3.368828180619793e-13
3,MLP,GNB,3.488192452350982e-36
4,MLP,KNN,0.00015195567144181952
5,MLP,NC,1.175805197253306e-72
6,MLP,RF,1.6668081679855122e-12
7,MLP,SVC,4.5322762220167295e-12
8,MLP,XGB,2.7187259855427133e-16
